"KoordID","x","y","Anthus.spinoletta","Milvus.migrans","Turdus.torquatus","Sylvia.borin","Hirundo.rustica","Passer.montanus","Motacilla.cinerea","Emberiza.citrinella","Certhia.brachydactyla","Picus.viridis","Aegithalos.caudatus","Pica.pica","Dryocopus.martius","Muscicapa.striata","Sturnus.vulgaris","Passer.domesticus","Parus.montanus","Carduelis.carduelis","Nucifraga.caryocatactes","Cuculus.canorus","Pyrrhula.pyrrhula","Serinus.serinus","Carduelis.cannabina","Turdus.pilaris","Falco.tinnunculus","Loxia.curvirostra","Carduelis.chloris","Corvus.corax","Anthus.trivialis","Milvus.milvus"
497118,497000,118000,0,1,0,1,0,0,0,0,1,1,1,1,0,1,1,1,0,1,0,0,0,1,0,0,1,0,1,0,0,0
497142,497000,142000,1,0,1,0,0,0,0,0,0,1,0,0,1,0,0,0,1,1,0,1,1,0,1,0,1,1,0,1,1,0
503142,503000,142000,0,1,0,1,0,0,0,1,1,1,1,0,1,0,1,1,0,0,0,1,1,0,0,0,0,1,0,0,1,0
503150,503000,150000,0,0,1,0,0,0,0,0,0,1,0,0,1,1,0,0,1,1,1,0,1,0,1,1,1,1,1,0,1,0
503158,503000,158000,0,1,1,1,1,0,1,1,0,1,0,1,1,0,1,0,1,1,0,0,1,0,0,1,1,1,1,0,1,0
509150,509000,150000,0,1,0,1,1,1,0,1,1,1,1,1,0,1,1,1,0,1,0,1,1,1,1,0,1,0,1,0,0,1
509158,509000,158000,1,0,1,0,0,0,0,0,0,1,0,0,0,0,1,0,0,1,0,1,1,1,1,1,1,1,1,0,1,0
509166,509000,166000,0,1,1,0,1,0,0,0,0,1,0,1,0,0,1,0,1,1,0,0,1,1,0,1,1,1,1,0,1,1
515158,515000,158000,0,0,0,1,0,0,0,0,1,1,1,0,1,0,0,0,1,0,0,0,1,0,0,0,0,1,0,1,0,0
515166,515000,166000,0,0,1,1,0,0,1,0,0,1,0,0,1,0,0,0,1,1,1,1,1,0,1,0,0,1,1,1,1,0
521150,521000,150000,0,1,0,1,1,1,1,1,1,1,1,1,0,1,1,1,0,1,0,1,0,1,1,0,1,0,1,0,0,0
521166,521000,166000,0,1,0,1,1,1,0,1,0,0,0,1,0,0,1,1,0,0,0,0,0,1,1,0,1,0,1,1,0,1
521174,521000,174000,0,1,0,0,1,0,1,0,1,1,1,0,1,1,0,1,0,1,0,0,1,0,0,1,0,1,1,1,0,0
527158,527000,158000,0,1,0,1,1,1,1,1,1,1,0,1,0,1,1,1,1,1,0,0,0,1,1,1,1,0,1,0,0,1
527174,527000,174000,0,1,0,1,0,0,0,1,1,1,1,0,1,1,1,0,1,1,0,1,1,0,1,1,0,1,1,1,1,0
527182,527000,182000,0,0,0,0,0,0,0,0,0,0,0,0,1,0,0,0,1,1,1,1,1,1,0,0,1,1,1,1,1,0
527190,527000,190000,0,1,0,0,1,1,0,1,1,0,0,1,1,0,1,1,0,1,0,0,1,1,0,1,1,0,1,1,0,1
527198,527000,198000,0,0,1,0,1,0,0,0,0,1,0,0,1,0,1,0,1,1,1,0,1,1,0,1,0,1,1,0,1,0
533166,533000,166000,0,1,0,0,1,1,0,1,1,0,0,1,0,0,1,1,0,1,0,0,0,1,1,1,1,0,1,0,0,0
533182,533000,182000,0,1,0,1,0,0,0,1,1,1,1,0,0,1,1,0,0,1,0,1,0,0,1,0,0,0,1,0,0,1
533190,533000,190000,0,0,1,0,0,0,0,1,0,1,0,1,0,0,0,0,0,1,0,0,1,0,0,0,0,1,0,1,1,0
533198,533000,198000,0,1,1,0,1,0,0,1,0,1,1,1,1,1,1,1,0,1,1,0,1,1,0,1,0,1,1,1,1,1
539158,539000,158000,0,1,0,1,1,1,0,1,1,1,1,1,1,1,1,1,1,1,0,0,1,1,0,0,0,1,1,0,0,0
539174,539000,174000,0,1,0,0,1,1,0,1,1,0,0,1,0,0,1,1,0,1,0,1,0,1,1,0,1,0,1,1,0,0
539190,539000,190000,0,0,0,0,0,0,0,0,0,0,0,0,0,0,0,0,0,0,0,0,1,0,0,0,0,1,0,1,1,0
539198,539000,198000,0,0,0,1,1,0,1,1,1,0,1,1,1,1,1,1,0,1,0,0,1,1,0,1,1,1,1,0,1,1
545150,545000,150000,0,1,0,1,1,1,1,1,1,1,1,1,1,1,1,1,0,1,0,0,0,1,1,1,1,0,1,1,0,0
545166,545000,166000,0,1,0,1,1,1,1,1,1,0,0,1,0,0,1,1,0,1,0,0,0,1,0,1,1,0,1,0,0,0
545182,545000,182000,0,1,0,1,1,1,0,1,1,1,0,1,1,1,1,1,0,1,0,1,0,1,0,0,0,0,1,1,0,0
545190,545000,190000,0,1,0,1,1,1,0,1,1,1,0,1,1,1,1,1,0,1,0,0,1,1,1,0,0,0,1,0,0,0
545198,545000,198000,1,1,1,1,0,0,0,1,0,1,0,1,1,0,0,0,1,0,1,0,1,0,0,1,1,0,0,1,1,0
545206,545000,206000,0,0,1,0,0,0,1,0,0,1,0,0,1,1,1,0,1,1,0,0,1,0,0,1,1,1,1,0,1,1
545214,545000,214000,0,0,0,1,1,0,0,0,1,0,0,0,1,1,1,0,0,0,0,0,1,1,0,1,0,0,1,1,0,0
551110,551000,110000,1,0,1,0,0,0,1,0,0,1,0,1,0,0,0,0,1,1,0,1,1,0,1,1,1,0,0,0,1,0
551158,551000,158000,0,1,0,1,1,1,1,1,1,1,1,1,0,1,1,1,0,1,0,0,0,0,0,1,1,0,1,0,0,1
551174,551000,174000,0,0,0,1,1,1,0,1,1,1,1,0,1,1,1,1,0,1,0,1,0,0,0,1,1,1,1,1,0,1
551198,551000,198000,0,1,0,1,1,0,0,1,1,1,1,0,1,1,1,1,0,1,0,1,1,1,0,1,1,0,1,1,0,0
551206,551000,206000,1,1,1,0,0,0,0,1,1,0,0,1,1,1,0,0,1,1,1,0,1,0,1,0,0,1,0,1,1,1
551214,551000,214000,0,1,0,1,1,0,0,1,1,0,0,1,0,1,1,1,1,1,0,0,1,1,1,1,1,1,1,0,0,0
557118,557000,118000,0,0,0,0,1,0,1,0,0,1,1,0,1,1,1,0,1,1,1,0,1,0,1,0,0,1,0,1,1,0
557134,557000,134000,0,1,0,1,1,1,0,0,1,1,0,1,0,1,1,1,0,1,0,0,1,1,1,0,0,0,1,0,0,0
557150,557000,150000,0,1,0,0,1,1,0,1,1,1,1,1,0,1,1,1,0,1,0,0,1,1,0,1,0,0,1,1,1,0
557166,557000,166000,0,1,0,1,1,1,1,1,1,0,1,1,0,0,1,1,0,1,0,0,1,0,1,1,1,0,1,0,0,1
557182,557000,182000,0,1,0,1,1,1,0,1,1,1,0,0,1,1,1,1,1,1,0,1,0,0,0,0,1,0,1,1,0,1
557206,557000,206000,0,1,0,1,0,0,0,1,0,0,1,0,0,0,0,0,0,1,0,0,1,1,1,1,1,1,1,0,0,0
557214,557000,214000,1,0,1,0,1,0,0,1,0,0,0,0,1,1,0,0,1,1,1,1,1,0,1,1,1,1,0,0,1,0
557222,557000,222000,0,1,0,0,0,0,1,0,1,0,1,0,1,1,1,0,0,1,1,0,1,0,0,1,1,1,1,1,1,1
563110,563000,110000,1,0,1,1,0,0,1,0,0,0,0,0,0,0,0,0,1,0,0,1,0,0,1,0,0,0,0,0,0,0
563126,563000,126000,0,1,0,0,1,1,1,0,1,0,1,1,0,1,1,1,0,1,0,0,0,0,1,0,1,0,1,0,0,0
563142,563000,142000,1,0,1,1,0,0,0,0,0,0,0,0,1,1,0,0,1,1,1,1,1,1,1,1,0,1,0,0,1,0
563158,563000,158000,1,0,1,1,1,0,0,1,1,0,0,0,1,0,0,0,1,1,1,0,1,0,1,1,1,0,1,0,1,0
563174,563000,174000,0,1,0,1,1,1,0,1,0,0,0,1,0,1,1,1,0,1,0,0,0,0,1,1,1,0,1,0,0,1
563190,563000,190000,0,0,0,0,0,1,0,1,0,0,0,0,0,0,1,0,0,1,0,1,0,0,0,0,0,0,1,0,0,0
563206,563000,206000,0,1,0,1,0,0,0,1,1,1,1,1,1,1,1,1,0,0,0,1,0,1,0,0,0,0,1,0,0,0
563214,563000,214000,0,0,0,0,1,0,0,1,1,1,1,0,1,1,1,1,0,1,0,1,1,1,0,1,0,1,1,0,1,0
563222,563000,222000,0,0,0,1,1,0,0,1,1,0,0,1,1,0,1,1,1,1,1,0,1,1,0,1,0,1,1,1,1,0
563230,563000,230000,0,1,0,1,1,0,0,1,1,1,0,1,1,1,1,1,0,1,0,0,1,1,1,1,0,1,1,0,0,0
563246,563000,246000,0,1,0,1,1,0,0,1,1,1,0,1,1,0,1,1,0,1,0,0,1,1,1,1,1,0,1,1,1,1
569102,569000,102000,0,0,0,0,0,0,0,0,1,1,1,0,1,0,0,0,1,0,1,0,1,1,0,0,0,1,0,1,0,0
569118,569000,118000,1,0,1,0,0,0,1,0,0,1,0,0,1,1,0,0,1,1,1,1,1,0,1,0,1,1,0,1,1,0
569134,569000,134000,0,1,0,1,1,0,0,1,1,1,1,1,1,1,1,1,1,1,1,0,1,1,0,1,1,1,1,1,1,0
569150,569000,150000,0,1,0,1,1,0,0,1,0,1,1,0,1,1,1,0,0,1,1,1,1,0,0,1,0,0,1,1,1,1
569166,569000,166000,0,1,0,0,1,1,1,0,1,0,0,0,0,1,1,1,0,1,0,0,0,0,0,1,0,1,1,0,0,1
569182,569000,182000,0,1,0,1,1,1,0,1,1,1,0,0,0,1,1,1,0,1,0,1,0,1,1,1,1,0,1,0,0,1
569198,569000,198000,0,1,0,0,1,1,0,1,1,1,0,0,0,1,1,1,0,0,0,1,0,1,1,1,0,0,1,1,0,0
569214,569000,214000,0,0,0,0,1,0,0,1,0,0,0,0,1,1,1,1,1,0,1,1,1,0,0,1,0,1,1,0,0,0
569222,569000,222000,0,0,1,0,0,0,1,1,0,0,1,0,1,1,0,0,0,1,0,0,1,1,0,1,0,1,1,0,1,1
569230,569000,230000,0,0,0,0,0,1,0,1,1,0,0,1,1,0,1,1,1,1,1,0,1,1,0,1,0,1,1,0,1,1
569238,569000,238000,0,0,0,1,1,0,0,1,0,1,0,0,1,1,0,1,0,1,1,0,1,0,0,1,0,1,0,1,0,1
569246,569000,246000,0,0,0,1,1,1,0,1,1,1,0,1,1,1,1,0,1,1,0,0,1,0,0,0,0,1,1,1,1,1
569254,569000,254000,0,1,0,1,1,1,0,1,1,1,1,1,1,1,1,1,0,1,0,0,1,1,1,1,1,0,1,1,0,1
575094,575000,94000,0,0,0,1,0,0,1,1,0,1,1,0,1,0,0,0,1,0,1,1,1,0,0,0,0,1,1,1,1,0
575110,575000,110000,0,0,0,0,1,1,1,0,1,1,1,1,0,1,1,1,0,1,0,1,0,1,1,0,1,0,1,0,0,0
575126,575000,126000,1,0,1,1,0,0,1,0,0,1,0,0,1,1,0,0,1,1,1,1,1,1,1,0,1,1,1,1,1,0
575142,575000,142000,0,0,1,1,1,0,1,1,0,1,1,0,1,1,0,1,1,1,0,1,1,0,0,0,0,1,1,1,1,1
575158,575000,158000,1,0,1,0,0,0,0,1,0,1,0,0,1,0,0,0,1,1,0,1,1,1,0,1,1,1,0,1,1,0
575174,575000,174000,0,1,0,0,1,1,1,0,1,1,1,0,1,1,1,1,0,1,0,1,0,1,0,0,1,1,1,1,0,1
575190,575000,190000,0,1,0,1,0,1,0,1,0,0,0,1,0,1,1,1,1,1,0,0,0,1,1,0,1,0,1,0,0,1
575206,575000,206000,0,1,0,1,1,1,0,1,1,0,1,1,0,1,1,1,0,1,0,1,0,1,0,0,1,0,1,0,0,0
575214,575000,214000,0,1,0,1,0,1,0,0,1,1,1,1,1,1,1,0,1,1,0,1,1,1,1,0,0,1,1,1,0,1
575222,575000,222000,0,0,1,1,1,0,0,1,1,1,0,0,1,0,1,0,0,1,0,1,1,1,0,1,0,1,1,1,1,0
575230,575000,230000,0,1,0,1,1,1,0,1,1,1,1,1,0,0,1,1,0,1,0,0,1,1,1,1,0,1,1,0,0,1
575238,575000,238000,0,0,0,1,1,0,0,1,1,1,0,0,1,1,1,1,0,1,1,0,1,1,0,1,1,0,1,0,0,1
575246,575000,246000,0,1,0,1,1,1,1,1,1,1,1,1,1,1,1,1,0,1,0,0,1,1,0,1,0,1,1,1,1,1
575254,575000,254000,0,1,0,1,0,1,0,1,1,1,1,1,1,1,1,0,0,1,0,0,0,0,0,0,1,0,1,0,0,1
581086,581000,86000,1,0,1,1,0,0,1,0,0,0,0,0,0,0,0,0,1,1,0,1,1,0,1,1,1,0,0,1,1,0
581102,581000,102000,0,0,1,0,0,0,0,0,0,1,1,0,1,1,0,0,1,1,1,0,1,1,0,0,0,1,0,1,1,0
581118,581000,118000,0,0,0,0,0,0,0,0,1,1,1,0,1,1,0,0,1,1,1,1,1,0,0,0,0,1,0,0,1,0
581134,581000,134000,1,0,1,0,0,0,1,0,0,0,0,1,0,0,0,0,1,1,1,1,1,1,1,1,1,1,1,0,1,0
581150,581000,150000,0,0,0,1,0,0,1,1,0,1,0,0,1,1,0,0,1,1,0,0,1,0,0,1,1,0,0,0,1,0
581166,581000,166000,0,0,1,0,1,0,1,1,1,1,0,0,0,0,0,1,1,0,1,1,1,0,0,0,0,1,0,0,1,0
581182,581000,182000,0,1,0,1,1,1,0,1,1,1,0,1,1,0,1,1,0,1,0,1,0,0,0,1,1,0,1,1,0,1
581198,581000,198000,0,0,0,0,1,1,1,1,1,1,0,1,0,1,1,1,0,1,0,0,0,1,0,0,0,0,1,0,0,1
581214,581000,214000,0,1,0,1,1,1,0,0,1,1,1,1,0,1,1,1,0,1,0,1,0,1,0,0,0,0,1,0,0,1
581222,581000,222000,0,1,0,1,1,1,0,1,0,1,1,1,1,1,1,1,0,1,0,0,1,1,0,1,0,1,1,0,1,0
581230,581000,230000,0,1,0,1,1,1,1,1,1,0,0,1,0,1,1,1,0,1,0,0,1,1,0,1,1,1,1,1,0,1
581238,581000,238000,0,0,0,0,0,0,0,1,1,1,1,0,1,1,0,0,0,1,1,0,1,0,0,0,0,1,1,1,0,1
581246,581000,246000,0,0,0,1,1,0,1,0,1,1,1,0,1,0,1,0,1,1,0,0,1,0,0,0,1,0,1,1,1,1
587094,587000,94000,1,0,1,0,0,0,0,0,0,0,0,0,0,0,0,0,0,0,0,0,0,0,0,0,0,0,0,0,0,0
587110,587000,110000,1,0,1,1,0,0,1,1,0,1,0,0,0,1,0,0,1,1,1,1,1,1,1,1,0,1,1,0,1,0
587126,587000,126000,1,0,1,0,0,0,0,0,0,0,0,0,0,0,0,0,0,0,0,0,0,0,1,0,0,0,0,0,0,0
587142,587000,142000,1,0,1,0,1,0,1,0,0,0,0,1,1,1,1,1,1,1,0,0,1,1,0,1,0,1,1,1,1,0
587158,587000,158000,1,0,1,1,0,0,1,0,0,1,0,1,1,0,0,0,1,1,1,1,1,0,1,1,1,1,0,1,1,0
587174,587000,174000,0,0,1,0,0,0,0,0,0,0,0,0,1,0,0,0,0,0,0,1,1,0,1,0,0,1,0,0,0,0
587190,587000,190000,0,1,0,1,1,1,1,1,1,1,1,1,0,1,1,1,0,1,0,0,0,1,0,1,0,0,1,1,0,1
587206,587000,206000,0,0,0,1,0,0,0,1,1,1,0,0,1,0,1,0,0,0,0,0,0,1,0,0,0,0,1,1,0,0
587222,587000,222000,0,1,0,0,1,1,1,0,1,0,1,1,0,1,1,1,0,1,0,0,0,1,0,0,1,0,1,0,0,1
587230,587000,230000,0,0,0,0,0,0,0,1,0,0,0,0,0,0,0,0,0,0,1,0,1,1,0,0,0,1,1,0,0,0
587238,587000,238000,0,0,0,0,0,0,0,1,0,1,1,1,1,1,0,1,0,1,1,0,1,0,0,0,0,1,1,0,0,0
587246,587000,246000,0,1,0,1,1,1,0,1,1,1,1,1,1,1,1,1,0,1,0,0,0,1,1,1,1,1,1,1,1,1
593086,593000,86000,1,0,0,0,0,0,0,0,0,0,0,0,0,0,0,0,0,0,0,0,0,0,0,0,1,0,0,0,0,0
593118,593000,118000,0,0,0,1,1,1,1,0,1,1,1,1,1,1,1,1,1,1,0,1,0,1,0,1,0,0,1,1,0,0
593150,593000,150000,1,0,1,1,0,0,0,0,0,0,0,1,0,0,0,0,1,0,0,1,0,0,1,0,1,0,0,0,1,0
593166,593000,166000,1,0,1,0,0,0,0,0,0,0,0,1,0,0,0,0,0,1,0,1,1,0,1,0,1,1,0,1,1,0
593182,593000,182000,0,1,0,1,1,1,0,1,1,1,0,1,0,1,1,1,0,1,0,1,1,1,0,1,0,0,1,1,0,1
593198,593000,198000,0,1,0,0,1,1,0,1,0,0,0,1,0,1,1,1,0,1,0,0,0,1,0,0,1,0,1,0,0,1
593214,593000,214000,0,0,0,1,1,1,0,1,1,1,0,1,1,1,1,1,1,0,0,0,0,1,0,0,0,0,1,1,0,1
593230,593000,230000,0,0,0,1,1,0,0,1,1,0,0,0,0,0,0,0,0,1,0,0,1,0,1,1,0,1,1,0,1,0
593238,593000,238000,0,0,0,1,0,0,0,1,0,1,0,0,1,0,0,0,0,0,1,0,1,1,0,0,1,1,1,1,1,1
593246,593000,246000,0,1,0,1,0,1,1,1,1,1,1,1,0,1,1,1,0,1,0,0,1,1,1,1,1,0,1,0,0,1
599110,599000,110000,1,0,1,0,0,0,0,0,0,0,0,0,1,0,0,0,1,0,1,1,1,0,1,0,0,1,0,0,1,0
599126,599000,126000,0,0,0,1,1,1,1,1,0,1,1,1,1,0,1,1,0,1,0,1,1,1,0,1,0,0,1,1,0,0
599142,599000,142000,0,0,1,1,0,0,0,1,0,1,0,0,1,1,0,0,1,1,1,1,1,0,1,0,1,1,1,0,1,0
599158,599000,158000,1,0,1,0,0,0,1,0,0,0,0,1,0,0,0,0,0,0,1,1,0,0,1,0,1,1,0,1,1,0
599174,599000,174000,1,0,1,0,0,0,1,0,0,0,0,0,0,0,0,0,0,1,0,1,1,1,1,1,1,1,1,1,1,0
599190,599000,190000,0,1,0,1,1,1,1,1,1,1,0,0,0,1,1,1,0,1,0,0,0,1,1,1,0,1,1,1,0,1
599206,599000,206000,0,1,0,0,1,1,0,1,1,0,0,0,0,0,1,1,0,1,0,1,0,0,0,0,1,0,1,0,0,1
599222,599000,222000,0,0,0,1,0,0,0,1,1,0,0,0,1,0,1,0,1,1,0,1,1,1,0,0,0,0,1,1,0,1
599230,599000,230000,0,0,0,1,1,1,0,1,1,1,0,0,1,0,1,1,0,1,0,0,1,0,0,0,0,0,1,1,1,0
599238,599000,238000,0,0,0,0,0,0,0,0,0,1,0,0,1,0,0,0,0,1,0,0,1,0,0,0,0,1,1,1,1,1
599246,599000,246000,0,0,0,0,0,0,0,1,1,1,1,0,1,0,0,0,0,0,0,0,1,0,0,0,0,0,0,1,1,0
599254,599000,254000,0,0,0,0,0,0,0,0,1,1,1,0,1,1,1,0,0,0,0,0,1,0,0,1,0,1,0,1,0,1
605102,605000,102000,1,0,1,0,0,0,1,0,0,0,1,0,1,0,0,0,1,0,1,1,1,0,0,0,0,1,0,1,0,0
605118,605000,118000,1,0,0,1,0,0,1,0,0,1,0,0,1,0,0,0,1,0,1,0,1,0,0,0,0,1,0,0,0,0
605134,605000,134000,0,0,0,0,0,0,0,0,0,0,0,0,0,0,0,0,0,0,0,0,0,0,0,0,0,0,0,0,0,0
605150,605000,150000,1,0,1,0,0,0,0,0,0,0,0,0,0,0,0,0,0,0,0,0,0,0,1,0,1,0,0,1,0,0
605166,605000,166000,0,0,1,0,1,0,0,0,0,0,1,0,1,1,0,0,1,1,1,1,1,0,0,1,0,1,0,0,1,0
605182,605000,182000,0,1,0,1,1,1,1,1,1,1,0,1,0,1,1,1,0,1,0,0,1,1,1,1,1,1,1,1,1,1
605198,605000,198000,0,1,0,0,1,1,0,1,1,1,1,1,0,1,1,1,0,1,0,0,0,1,0,0,0,1,1,1,0,0
605214,605000,214000,0,1,0,0,1,1,0,1,1,0,0,1,1,1,1,1,0,1,0,1,0,1,0,0,0,0,1,0,0,1
605230,605000,230000,0,1,0,1,1,1,1,1,1,1,1,1,1,1,1,1,0,1,0,0,0,1,0,0,0,0,1,0,0,1
605238,605000,238000,0,0,0,0,1,0,0,1,0,1,1,0,1,1,0,0,0,1,1,0,1,1,0,0,0,1,0,1,1,0
605246,605000,246000,0,1,0,1,1,1,0,1,0,1,1,1,1,0,1,1,0,0,0,0,0,0,0,0,0,0,0,1,1,1
605254,605000,254000,0,0,0,0,0,0,0,0,1,1,1,0,1,1,0,0,0,0,0,0,1,0,0,1,1,0,1,0,0,0
605262,605000,262000,0,1,0,0,1,1,0,1,1,1,0,1,1,1,1,1,0,1,0,0,0,1,1,0,0,0,1,0,0,1
611110,611000,110000,1,0,0,0,0,0,0,0,0,0,0,0,0,0,0,0,0,0,0,0,0,0,0,0,0,0,0,0,0,0
611126,611000,126000,0,0,0,1,0,0,0,0,1,1,0,0,1,0,0,0,1,0,1,1,1,0,0,0,0,0,1,1,0,0
611142,611000,142000,1,0,1,0,0,0,1,0,0,0,0,0,0,0,0,0,0,0,0,0,0,0,0,0,1,0,0,0,0,0
611158,611000,158000,1,0,1,0,0,0,0,0,0,0,0,0,0,0,0,0,0,0,0,0,0,0,1,0,1,0,0,0,0,0
611174,611000,174000,0,1,0,0,1,1,0,1,1,1,0,1,0,1,1,1,1,1,0,1,0,1,1,1,0,0,1,0,0,1
611190,611000,190000,0,1,0,0,1,1,0,1,1,1,0,1,0,1,1,1,0,1,0,0,0,1,0,1,1,1,1,1,0,1
611206,611000,206000,0,0,0,0,1,0,0,1,0,0,0,1,1,0,1,1,1,1,0,1,0,0,0,1,0,0,1,0,0,1
611222,611000,222000,0,0,0,0,1,1,0,0,1,1,0,1,1,1,1,1,0,1,0,0,0,1,0,1,0,1,1,1,0,0
611238,611000,238000,0,1,0,1,1,1,1,1,1,1,1,1,1,1,1,1,0,1,0,0,1,1,1,1,0,0,1,1,0,1
611246,611000,246000,0,0,0,1,1,0,0,1,1,1,0,0,1,1,0,1,0,1,0,0,1,0,0,0,0,1,0,1,1,0
611254,611000,254000,0,1,0,1,0,1,1,1,1,1,0,1,0,1,1,1,0,1,0,0,0,1,0,0,1,0,1,0,0,0
611270,611000,270000,0,0,0,0,0,0,0,0,1,1,0,1,0,1,1,1,0,1,0,0,0,1,0,0,1,0,1,0,0,0
617118,617000,118000,1,0,0,0,0,0,0,0,0,0,0,0,0,0,0,0,0,0,0,0,0,0,0,0,0,0,0,0,0,0
617134,617000,134000,1,0,0,0,0,0,0,0,0,0,0,0,0,0,0,0,0,0,0,0,0,0,0,0,1,0,0,0,0,0
617150,617000,150000,0,0,1,0,0,0,0,0,0,1,1,0,0,0,0,0,1,0,1,1,1,0,0,0,1,1,1,1,0,0
617166,617000,166000,0,0,1,0,0,0,0,0,1,1,0,0,1,0,0,0,1,0,0,1,1,0,1,1,1,1,1,1,0,0
617182,617000,182000,0,1,0,0,1,1,1,1,1,1,0,1,1,1,1,1,0,1,0,0,0,1,1,1,0,1,1,1,0,1
617198,617000,198000,0,1,0,1,1,1,0,1,0,1,0,1,0,1,1,1,0,1,0,0,1,1,1,0,1,1,1,1,0,1
617214,617000,214000,0,1,0,0,1,1,0,1,1,1,1,1,1,1,1,1,0,1,0,1,1,0,0,1,1,0,1,0,0,0
617230,617000,230000,0,1,0,1,1,1,0,1,1,0,1,1,1,1,1,1,0,1,0,0,1,1,0,1,1,0,1,1,0,1
617238,617000,238000,0,0,0,1,1,0,0,0,0,1,1,0,1,1,0,0,0,1,0,0,1,0,0,0,0,1,0,1,0,1
617246,617000,246000,0,0,1,1,0,0,0,1,0,1,0,0,1,0,0,0,0,0,1,0,1,0,0,0,0,1,1,1,1,1
617254,617000,254000,0,1,0,1,1,1,0,1,1,1,1,1,1,1,1,1,0,0,0,0,1,1,0,0,1,0,1,1,0,1
617262,617000,262000,0,1,0,1,1,1,0,1,1,1,1,1,1,1,1,1,0,0,0,1,1,1,1,0,1,0,1,1,0,1
623094,623000,94000,0,0,1,1,0,0,0,0,0,1,1,0,0,0,0,0,1,0,1,1,1,0,0,1,0,1,0,0,1,0
623110,623000,110000,0,0,0,0,0,0,0,0,0,0,0,0,0,0,0,0,0,0,0,0,0,0,0,0,0,0,0,0,0,0
623126,623000,126000,0,0,1,0,0,0,0,1,0,1,1,0,1,1,0,0,1,0,1,1,1,0,0,0,0,1,1,0,1,0
623158,623000,158000,0,0,1,0,0,0,1,0,0,1,0,0,1,1,0,0,1,0,1,0,1,0,0,1,1,0,0,1,1,0
623174,623000,174000,1,0,1,0,1,0,0,1,0,1,0,0,1,1,0,0,1,1,1,1,1,0,1,0,1,1,0,1,1,0
623190,623000,190000,0,0,0,1,1,0,1,1,0,1,0,0,1,1,1,1,1,1,0,0,1,1,0,1,0,1,1,1,0,1
623206,623000,206000,0,0,0,1,1,1,1,1,1,1,0,1,0,1,1,1,0,1,0,0,1,0,0,0,0,1,1,0,0,1
623222,623000,222000,0,1,0,1,1,1,1,1,1,1,0,1,0,1,1,1,0,1,0,0,0,1,0,1,0,1,1,0,0,1
623238,623000,238000,0,0,0,1,0,1,1,1,1,0,1,0,0,1,1,1,0,0,0,0,0,0,0,1,1,0,1,0,0,1
623246,623000,246000,0,0,0,1,1,0,1,1,1,0,1,0,1,1,1,1,1,0,0,0,1,0,0,0,0,0,1,1,0,1
623254,623000,254000,0,0,0,1,0,1,0,1,1,1,1,0,1,1,1,1,0,0,0,1,1,0,0,0,1,0,1,1,0,1
623262,623000,262000,0,1,0,0,1,1,1,1,1,1,1,1,1,0,1,1,0,1,0,0,0,0,0,0,1,0,1,0,0,1
629118,629000,118000,0,0,1,1,0,0,0,1,0,1,0,0,1,0,0,1,1,1,1,1,1,0,1,1,1,1,0,1,1,0
629166,629000,166000,0,0,1,1,0,0,0,0,0,0,0,0,1,0,0,0,0,0,1,1,1,0,1,0,0,1,0,1,1,0
629182,629000,182000,0,0,1,0,0,0,0,1,1,1,0,0,1,1,1,0,0,1,0,1,1,1,1,0,1,1,0,0,1,0
629198,629000,198000,0,0,0,1,1,1,1,1,1,1,0,1,1,1,1,1,0,1,0,1,0,0,1,1,0,0,0,0,0,1
629214,629000,214000,0,1,0,0,1,1,1,1,1,1,0,1,0,1,1,1,0,1,0,1,0,1,0,1,0,1,1,0,0,1
629230,629000,230000,0,1,0,0,1,1,0,0,1,1,0,0,1,1,1,0,0,1,0,0,1,1,0,0,0,1,1,1,0,1
629246,629000,246000,0,0,0,1,1,0,0,1,1,1,1,0,1,1,1,1,0,1,0,0,0,0,0,1,0,0,1,0,1,1
629254,629000,254000,0,1,0,1,1,1,0,1,1,1,1,1,1,1,1,1,0,1,0,0,0,0,0,0,1,0,1,1,1,1
629262,629000,262000,0,1,0,1,1,1,0,1,1,1,1,0,0,1,1,1,0,1,0,0,0,0,0,0,0,0,1,1,0,1
635110,635000,110000,1,0,0,0,0,0,0,0,0,0,0,0,0,0,0,0,0,0,0,0,0,0,0,0,0,0,0,0,0,0
635126,635000,126000,0,0,0,0,0,0,0,0,0,0,1,0,1,0,0,0,1,0,1,1,1,0,0,0,1,0,0,1,1,0
635142,635000,142000,1,0,1,0,0,0,0,0,0,0,0,0,0,0,0,0,0,0,0,0,0,0,0,0,0,0,0,0,0,0
635158,635000,158000,1,0,1,1,0,0,0,0,0,0,0,0,0,1,0,0,1,1,1,1,1,1,1,1,1,1,0,1,0,0
635174,635000,174000,1,0,1,1,0,0,0,1,0,1,1,0,1,1,0,0,1,1,1,1,1,0,1,0,1,1,0,1,1,0
635190,635000,190000,0,1,0,1,1,1,1,1,0,1,1,1,0,1,1,1,0,1,0,1,1,1,0,1,0,1,1,0,0,1
635206,635000,206000,0,0,1,1,0,0,1,0,0,1,0,0,1,1,0,0,1,1,1,0,1,1,0,0,1,1,0,1,1,0
635222,635000,222000,0,1,0,1,1,1,0,1,1,1,0,1,0,1,1,1,0,1,0,0,0,1,0,1,0,0,1,0,0,0
635238,635000,238000,0,1,0,1,1,1,1,1,1,1,0,1,0,1,1,1,0,0,0,0,1,1,0,1,0,1,1,0,0,1
635246,635000,246000,0,0,0,1,1,1,0,0,1,1,1,1,1,1,1,1,0,1,0,0,0,1,0,0,1,0,1,1,0,1
635254,635000,254000,0,1,0,1,1,1,1,1,0,1,0,1,0,0,1,1,0,1,0,0,0,0,1,0,1,0,1,0,0,1
635262,635000,262000,0,1,0,1,1,1,0,1,1,1,1,0,0,0,1,1,0,0,0,0,0,0,0,1,0,0,1,0,0,1
641102,641000,102000,1,0,0,0,0,0,1,0,0,0,0,0,0,0,0,0,1,0,1,1,0,0,0,0,0,0,0,0,1,0
641118,641000,118000,1,0,1,0,0,0,1,0,0,0,0,0,0,0,0,0,0,0,0,0,0,0,0,0,0,0,0,0,0,0
641134,641000,134000,0,0,0,1,0,0,1,1,0,1,1,1,1,1,0,1,1,1,1,1,1,1,1,1,0,0,1,1,1,0
641166,641000,166000,1,0,1,1,0,0,0,0,0,1,0,1,1,0,0,0,1,0,1,1,1,1,1,0,1,0,0,0,1,0
641182,641000,182000,1,0,1,1,0,0,1,0,0,0,0,0,0,1,0,0,0,1,0,1,1,0,1,1,1,1,0,0,1,0
641198,641000,198000,0,1,0,0,1,1,1,1,1,0,1,1,0,1,1,1,0,1,0,1,1,0,0,1,0,0,1,0,0,1
641214,641000,214000,0,1,0,1,1,1,1,1,1,1,1,1,1,1,1,1,0,1,0,1,0,1,0,1,1,1,1,1,0,1
641230,641000,230000,0,0,0,1,1,1,0,1,1,0,0,0,0,1,1,1,0,1,0,0,0,1,0,1,1,0,1,1,0,1
641246,641000,246000,0,1,0,1,1,1,1,0,1,1,0,1,0,1,1,1,0,1,0,0,0,1,0,1,1,0,1,0,0,1
641254,641000,254000,0,0,0,1,0,0,0,1,1,1,1,0,1,1,0,0,0,0,0,0,1,0,0,0,0,0,0,0,1,1
641262,641000,262000,0,1,0,1,1,1,0,1,1,1,0,1,1,1,1,1,0,1,0,0,1,1,1,1,1,0,1,1,0,1
647110,647000,110000,1,0,1,1,0,0,1,0,0,0,0,0,0,0,0,0,1,0,0,1,0,0,0,0,0,0,0,0,0,0
647126,647000,126000,0,0,1,0,0,0,1,0,0,1,1,0,1,0,0,0,1,0,0,1,1,0,0,0,0,1,0,0,1,0
647142,647000,142000,1,0,0,0,0,0,0,0,0,0,0,0,0,0,0,0,0,0,0,0,0,0,1,0,1,0,0,0,0,0
647174,647000,174000,1,0,1,1,0,0,0,0,0,1,0,0,1,1,0,0,1,1,1,1,1,0,1,1,1,1,1,0,1,0
647190,647000,190000,1,0,1,0,1,0,1,0,0,1,1,0,1,0,0,0,0,1,0,1,1,1,1,0,1,1,0,0,1,0
647206,647000,206000,0,1,0,1,1,1,1,1,1,1,1,1,1,1,1,1,1,1,0,0,1,1,0,1,0,0,1,1,0,1
647222,647000,222000,0,1,0,1,1,0,0,1,1,0,0,0,1,1,1,1,1,1,0,1,0,1,0,1,0,1,1,1,0,1
647238,647000,238000,0,0,0,1,1,1,1,1,1,1,0,1,0,1,1,1,0,1,0,0,1,1,0,1,0,1,1,1,0,1
647254,647000,254000,0,0,0,1,1,0,0,1,0,1,1,1,1,1,1,1,0,1,0,1,1,0,0,1,0,0,1,0,0,0
647262,647000,262000,0,1,0,0,1,0,0,1,0,1,1,1,1,0,1,1,0,0,0,0,0,0,0,1,0,0,1,0,0,1
653118,653000,118000,1,0,1,0,0,0,0,0,0,0,0,0,0,0,0,0,1,0,1,1,1,0,1,0,0,1,0,0,1,0
653134,653000,134000,1,0,1,1,0,0,0,0,0,0,0,0,0,0,0,0,1,0,0,1,1,0,0,0,1,1,0,1,0,0
653182,653000,182000,1,1,0,1,1,0,1,0,0,1,1,0,1,1,0,0,1,1,1,0,1,1,1,0,1,1,0,1,1,1
653198,653000,198000,1,0,1,1,1,0,0,0,0,0,0,0,1,0,0,0,1,1,0,1,1,0,0,0,1,1,0,1,1,0
653214,653000,214000,0,1,0,1,1,1,1,1,1,1,0,1,0,1,1,1,0,1,0,0,0,1,1,1,1,0,1,0,0,1
653230,653000,230000,0,0,0,0,1,1,0,1,1,0,0,1,0,0,1,1,0,1,0,0,1,1,0,1,1,1,1,0,0,1
653246,653000,246000,0,1,0,1,1,1,0,1,1,1,0,0,0,0,1,1,0,0,0,0,0,1,0,1,1,0,1,0,0,0
653254,653000,254000,0,1,0,1,1,1,1,1,1,1,1,1,0,1,1,1,0,1,0,1,0,1,0,0,1,0,1,1,0,1
653262,653000,262000,0,1,0,1,1,1,1,1,1,1,1,1,1,1,1,1,0,1,0,1,0,1,0,0,1,1,1,1,0,1
659142,659000,142000,1,0,1,0,0,0,0,0,0,1,0,0,1,0,0,0,1,0,0,1,1,0,0,0,0,1,0,0,1,0
659174,659000,174000,0,0,0,0,0,0,0,0,0,1,1,0,0,1,0,0,1,1,1,1,1,0,0,1,0,0,0,0,1,0
659190,659000,190000,0,1,0,1,1,1,0,0,1,1,0,1,0,0,1,1,0,1,0,0,0,0,0,1,0,0,1,0,0,0
659206,659000,206000,0,1,0,0,1,0,1,1,1,0,1,0,1,1,1,0,1,1,1,1,1,1,0,1,0,1,1,1,1,1
659222,659000,222000,0,1,0,1,1,1,0,1,0,0,0,1,0,1,1,1,0,1,0,0,0,1,1,1,1,0,1,0,0,1
659238,659000,238000,0,1,0,1,1,1,1,0,1,0,1,1,0,1,1,1,0,1,0,0,0,1,0,1,1,0,1,0,0,1
659254,659000,254000,0,1,0,0,0,1,0,1,1,0,1,0,1,1,1,1,0,0,0,0,0,0,0,0,1,0,0,0,0,1
659270,659000,270000,0,0,0,1,0,1,0,1,1,1,0,1,0,1,1,1,0,1,0,1,0,1,0,1,0,0,1,0,0,0
665150,665000,150000,0,0,0,1,1,0,1,1,0,1,1,1,1,1,1,1,1,1,0,1,1,0,0,1,1,1,0,0,1,0
665166,665000,166000,0,0,0,1,0,0,1,0,0,0,0,0,0,0,0,0,1,0,0,0,1,1,0,0,1,0,0,0,0,0
665182,665000,182000,1,0,1,0,0,0,0,0,0,0,0,0,0,0,0,0,1,0,0,1,0,0,1,0,1,1,0,0,0,0
665198,665000,198000,0,1,0,1,1,1,0,1,1,1,1,0,1,1,1,1,0,1,0,0,1,1,0,1,0,1,1,1,0,1
665214,665000,214000,0,1,0,1,1,1,1,0,1,0,1,1,0,1,1,1,0,1,0,0,0,1,0,1,0,0,1,0,0,1
665230,665000,230000,0,1,0,1,1,1,0,1,1,0,0,0,0,1,1,1,0,1,0,0,1,0,0,1,0,0,1,0,0,1
665246,665000,246000,0,1,0,1,1,1,0,1,1,1,1,1,0,0,1,1,0,1,0,0,0,1,0,1,1,0,1,0,0,1
665262,665000,262000,0,0,0,1,0,0,0,1,1,0,0,0,1,0,0,0,0,0,0,0,1,0,0,0,1,0,1,0,0,0
671158,671000,158000,1,0,1,1,0,0,1,0,0,0,1,1,0,0,0,1,0,0,1,1,0,0,1,0,1,1,0,1,1,0
671174,671000,174000,1,0,0,0,0,0,0,0,0,0,0,0,0,0,0,0,0,0,0,0,0,0,0,0,0,0,0,1,0,0
671190,671000,190000,0,0,1,1,1,0,1,0,1,1,1,0,1,1,0,1,1,1,0,1,1,0,0,1,0,0,1,1,1,0
671206,671000,206000,0,1,0,0,1,1,0,0,1,1,0,1,0,1,1,1,0,1,0,0,0,0,1,0,0,0,1,0,0,0
671222,671000,222000,0,1,0,1,1,1,0,1,1,1,0,0,1,1,1,1,0,1,0,0,0,1,0,0,0,0,1,0,0,1
671238,671000,238000,0,1,0,1,1,1,1,1,1,1,1,1,0,1,1,1,0,1,0,1,0,1,0,1,1,0,1,0,0,1
671254,671000,254000,0,1,0,0,1,0,0,0,1,1,0,1,1,0,1,1,0,0,0,0,1,0,0,1,0,0,1,0,0,1
677126,677000,126000,1,0,1,0,0,0,1,0,0,0,0,0,1,1,0,0,1,0,1,1,1,0,0,0,1,1,0,0,1,0
677166,677000,166000,1,0,0,0,0,0,0,0,0,0,0,0,0,0,0,0,0,0,0,0,0,0,0,0,0,0,0,0,0,0
677182,677000,182000,1,0,1,1,0,0,1,0,0,0,0,0,0,0,0,0,1,1,0,1,1,0,0,0,1,0,0,0,0,0
677198,677000,198000,0,0,1,1,0,0,1,0,0,0,0,0,1,1,0,0,1,0,1,1,1,0,0,0,0,1,0,0,1,0
677214,677000,214000,0,1,0,0,1,1,0,0,1,1,0,1,1,1,1,1,0,1,1,1,1,1,0,1,0,0,1,1,0,1
677230,677000,230000,0,1,0,0,1,1,1,1,1,1,1,1,0,1,1,1,0,1,0,1,0,1,0,1,0,0,1,0,0,1
677246,677000,246000,0,1,0,1,1,1,0,1,1,1,1,1,1,1,1,1,0,1,0,0,1,1,0,0,1,1,1,0,0,1
677262,677000,262000,0,1,0,0,1,1,0,0,1,0,0,1,0,1,1,1,0,1,0,1,0,1,0,1,1,0,1,0,0,1
677278,677000,278000,0,0,0,1,0,1,0,1,1,1,1,0,1,1,1,0,0,0,0,1,1,0,0,1,0,0,1,0,0,1
683126,683000,126000,0,0,0,1,0,0,0,1,0,1,0,0,1,0,0,0,1,0,1,0,0,0,0,0,0,0,0,1,0,0
683134,683000,134000,0,0,0,0,0,0,1,0,0,1,1,0,1,0,0,0,1,0,1,1,0,0,0,0,1,0,0,1,0,0
683142,683000,142000,1,0,0,1,0,0,1,0,0,0,1,0,1,0,0,0,1,0,0,1,1,0,0,0,0,1,0,1,1,0
683150,683000,150000,1,0,1,0,0,0,1,0,0,0,0,0,1,0,0,0,1,0,0,1,1,0,0,0,0,1,0,0,1,0
683158,683000,158000,1,0,1,0,0,0,0,0,0,0,0,0,0,0,0,0,0,0,0,0,0,0,0,0,1,0,0,0,0,0
683174,683000,174000,1,0,1,1,0,0,0,0,0,0,0,0,0,0,0,0,0,0,0,0,1,0,0,0,1,0,0,0,0,0
683190,683000,190000,1,0,0,0,0,0,0,0,0,0,0,0,0,0,0,0,0,0,0,0,0,0,0,0,0,0,0,0,0,0
683206,683000,206000,0,1,0,0,1,0,1,0,0,1,1,0,1,0,0,0,0,0,0,0,1,0,0,0,0,0,0,1,1,0
683222,683000,222000,0,1,0,0,1,1,0,1,1,1,1,0,0,1,1,1,1,1,1,1,1,0,0,1,0,1,1,1,1,1
683238,683000,238000,0,1,0,1,0,1,1,0,1,0,0,1,0,1,1,1,0,1,0,0,0,1,0,0,0,0,1,1,0,1
683254,683000,254000,0,1,0,1,1,1,0,0,1,1,1,1,0,1,1,1,0,1,0,1,0,1,0,0,1,0,1,0,0,1
683270,683000,270000,0,1,0,0,1,1,0,1,1,1,1,0,1,1,1,1,0,1,0,0,1,0,0,0,1,0,1,0,0,1
683286,683000,286000,0,0,0,0,0,0,0,0,0,0,1,0,1,0,0,0,0,0,0,0,0,0,0,0,0,1,1,0,0,0
689126,689000,126000,1,0,0,0,0,0,0,0,0,0,1,0,1,0,0,0,1,0,1,1,1,0,1,0,1,1,0,0,1,0
689134,689000,134000,0,0,0,1,0,0,0,0,1,1,1,0,1,0,0,0,0,0,1,1,0,0,0,0,0,0,0,0,1,0
689142,689000,142000,1,0,0,1,0,0,1,0,0,0,1,0,1,0,0,0,1,0,1,1,0,0,1,0,1,0,0,1,1,0
689150,689000,150000,1,0,1,0,0,0,0,0,0,0,0,0,0,0,0,0,0,0,0,0,0,0,0,0,1,0,0,0,0,0
689158,689000,158000,1,0,1,0,0,0,0,0,0,0,0,0,0,0,0,0,0,0,0,0,0,0,0,0,1,0,0,0,0,0
689166,689000,166000,1,0,1,1,0,0,0,0,0,0,0,0,0,0,0,0,0,0,0,0,0,0,1,0,1,0,0,0,1,0
689182,689000,182000,1,0,1,0,0,0,1,0,0,0,0,0,0,0,0,0,0,0,0,0,0,0,0,0,1,0,0,0,0,0
689198,689000,198000,0,1,0,1,0,0,0,0,0,1,1,0,1,1,0,1,0,1,0,0,1,0,0,0,0,0,0,1,1,0
689214,689000,214000,0,1,0,1,1,1,1,1,1,1,0,1,0,1,1,1,0,1,0,1,1,0,1,1,1,1,1,1,1,1
689230,689000,230000,0,1,0,0,1,1,1,0,1,1,0,1,0,1,1,1,0,0,0,0,0,1,0,1,0,0,1,1,0,1
689246,689000,246000,0,1,0,1,1,1,0,1,1,1,1,1,0,1,1,1,0,1,0,0,1,1,1,1,0,1,1,0,0,1
689262,689000,262000,0,0,0,1,1,0,1,1,1,1,0,0,1,1,0,1,0,0,0,0,1,0,0,1,0,0,1,0,0,0
689278,689000,278000,0,1,0,1,1,1,0,1,1,1,1,0,1,1,1,1,0,0,0,1,0,0,0,1,1,0,1,0,0,1
695110,695000,110000,1,0,0,0,0,0,1,1,0,0,0,0,1,0,0,0,1,0,1,1,1,0,1,0,1,1,0,1,1,0
695118,695000,118000,0,0,0,0,0,0,1,0,1,1,1,0,1,0,0,0,0,0,0,1,1,0,0,0,0,0,1,1,0,0
695126,695000,126000,0,0,0,1,0,0,0,1,1,1,1,0,0,1,0,0,1,1,1,1,0,0,0,0,0,0,0,0,1,0
695142,695000,142000,1,0,1,1,0,0,1,0,0,0,0,0,0,0,0,0,1,0,0,1,0,0,0,0,1,1,0,0,1,0
695150,695000,150000,0,0,1,1,0,0,0,0,0,0,1,0,0,1,0,0,1,0,1,1,1,0,0,1,0,1,0,1,1,0
695158,695000,158000,1,0,1,0,0,0,1,0,0,0,0,0,0,0,0,0,0,0,0,0,0,0,0,0,0,0,0,0,0,0
695174,695000,174000,1,0,0,0,0,0,0,0,0,0,0,0,0,0,0,0,0,0,0,0,0,0,0,0,1,0,0,0,0,0
695190,695000,190000,0,0,1,0,0,0,1,0,0,1,0,0,0,0,0,0,1,0,1,0,1,0,1,1,0,0,1,1,1,0
695206,695000,206000,0,0,0,1,0,0,1,0,1,1,1,0,1,1,1,0,1,0,1,1,1,0,0,1,1,1,1,1,1,0
695222,695000,222000,0,0,0,1,1,0,1,1,0,0,1,1,0,1,0,1,1,1,0,1,1,0,1,0,1,1,1,0,1,1
695238,695000,238000,0,1,0,0,1,1,0,1,1,1,0,1,1,1,1,1,0,1,0,0,0,1,0,1,0,0,1,0,0,1
695254,695000,254000,0,1,0,0,1,1,1,1,1,1,1,0,1,0,1,1,0,0,0,0,0,0,0,1,0,0,1,0,0,1
695270,695000,270000,0,1,0,0,0,1,0,1,1,1,0,0,1,0,1,1,0,1,0,1,1,0,0,1,0,0,1,0,0,1
695286,695000,286000,0,0,0,1,0,1,0,1,1,1,1,0,1,1,1,0,0,1,0,1,1,0,0,1,1,0,1,0,0,1
701118,701000,118000,0,0,0,1,0,0,0,0,1,1,1,0,1,0,0,0,1,0,0,1,0,0,0,0,0,0,0,0,0,0
701126,701000,126000,1,0,0,0,0,0,0,0,0,0,0,0,0,0,0,0,1,0,0,1,0,0,0,0,0,0,0,0,0,0
701134,701000,134000,0,0,0,1,0,0,1,0,0,0,0,0,1,0,0,0,1,0,0,0,0,0,0,0,0,0,0,0,1,0
701142,701000,142000,1,0,0,0,0,0,0,0,0,0,0,0,0,0,0,0,0,0,0,0,0,0,0,0,0,0,0,0,0,0
701150,701000,150000,0,0,1,1,0,0,1,1,0,1,1,0,0,0,0,1,1,1,1,1,1,0,0,1,0,0,1,1,1,0
701158,701000,158000,1,0,1,0,0,0,0,0,0,0,0,0,0,0,0,0,0,0,0,0,0,0,0,0,1,0,0,0,0,0
701166,701000,166000,1,0,1,1,0,0,1,0,0,0,0,0,0,0,0,0,1,0,0,1,1,0,0,0,1,0,0,0,0,0
701182,701000,182000,1,0,1,1,0,0,0,0,0,1,0,0,1,0,0,0,1,0,1,1,1,0,0,0,1,1,0,1,1,0
701198,701000,198000,1,0,1,0,0,0,1,0,0,1,0,0,1,0,0,0,1,0,0,1,1,0,1,1,0,1,0,0,1,0
701214,701000,214000,1,0,1,0,0,0,0,0,0,0,0,0,1,0,0,0,1,1,1,1,1,0,1,0,1,1,0,0,1,1
701230,701000,230000,0,1,0,1,1,1,0,0,1,0,1,1,0,1,1,1,0,1,0,1,0,0,0,0,0,0,1,0,0,0
701246,701000,246000,0,0,0,1,0,1,0,0,1,0,1,1,0,1,1,1,0,1,0,0,0,1,0,1,0,0,1,0,0,1
701262,701000,262000,0,0,0,0,1,1,1,0,1,1,0,1,0,1,1,1,0,1,0,1,0,1,1,1,0,0,1,0,0,1
701278,701000,278000,0,1,0,1,0,1,0,1,1,1,0,1,1,0,1,1,0,1,0,0,1,1,1,1,1,0,1,0,0,1
707094,707000,94000,0,1,0,0,1,1,1,0,1,1,1,0,0,1,1,0,0,1,0,1,0,1,0,0,0,0,1,0,0,0
707110,707000,110000,0,1,0,0,1,1,1,0,1,1,1,1,0,1,1,0,0,1,0,1,0,1,0,1,0,0,1,1,0,0
707118,707000,118000,0,0,0,0,0,0,1,0,1,0,1,0,1,1,0,0,0,1,0,1,0,0,0,0,0,0,1,0,0,0
707134,707000,134000,1,0,1,0,0,0,0,0,0,0,0,0,0,0,0,0,0,0,1,1,0,0,0,0,0,0,0,0,0,0
707142,707000,142000,0,0,0,1,1,0,1,0,1,1,1,0,0,0,0,1,1,0,0,1,1,1,0,0,0,0,0,0,1,0
707150,707000,150000,1,0,1,0,0,0,0,0,0,0,0,0,0,0,0,0,1,0,1,1,1,0,1,0,1,1,0,0,1,0
707158,707000,158000,1,0,0,0,0,0,0,0,0,0,0,0,0,0,0,0,0,0,0,0,0,0,0,0,0,0,0,0,0,0
707174,707000,174000,1,0,1,0,0,0,0,0,0,1,0,0,1,0,0,0,1,0,1,1,1,0,0,0,0,1,0,0,1,0
707190,707000,190000,1,0,1,0,0,0,0,0,0,0,0,0,0,0,0,0,0,0,0,0,0,0,0,0,0,0,0,0,0,0
707206,707000,206000,1,0,1,0,0,0,0,0,0,0,0,0,0,0,0,0,0,1,0,1,0,0,1,0,1,0,0,1,0,0
707222,707000,222000,0,1,1,1,1,0,0,0,0,1,0,0,1,0,0,0,1,1,1,1,1,0,1,0,1,1,0,1,1,1
707238,707000,238000,0,1,0,0,1,1,1,0,0,1,0,1,0,1,1,1,0,0,0,0,0,1,0,1,0,0,1,0,0,1
707254,707000,254000,0,1,0,1,1,1,0,1,1,0,0,1,1,1,1,1,0,0,1,0,1,0,0,0,0,0,1,0,0,1
707270,707000,270000,0,1,0,1,1,1,0,1,1,1,1,1,1,1,1,1,0,1,0,1,0,0,0,1,1,0,1,0,0,1
713094,713000,94000,0,0,0,0,1,1,1,0,1,1,1,0,0,1,1,0,0,1,0,0,0,1,0,0,0,0,1,0,0,0
713102,713000,102000,0,0,0,0,0,0,0,0,1,1,1,0,0,0,0,0,0,0,0,1,1,0,0,0,0,0,0,1,0,0
713110,713000,110000,0,0,0,0,0,1,0,0,1,1,1,0,0,1,0,1,1,1,1,1,0,1,0,0,0,0,1,1,0,0
713118,713000,118000,0,0,0,1,0,0,0,0,0,0,1,0,0,0,0,0,1,0,1,1,1,0,0,0,0,0,0,0,1,0
713126,713000,126000,1,0,1,0,0,0,0,0,0,0,0,0,0,0,0,0,1,0,1,1,0,0,0,0,1,1,0,1,1,0
713134,713000,134000,0,0,0,1,0,0,1,0,1,1,1,0,1,0,0,0,1,0,1,1,0,0,0,0,0,0,0,1,0,0
713142,713000,142000,1,0,1,0,0,0,0,0,0,0,0,0,1,0,0,0,1,0,1,1,1,0,0,0,1,1,0,1,1,0
713150,713000,150000,1,0,1,1,0,0,0,1,0,0,1,0,1,1,0,0,1,0,1,1,1,0,1,1,0,1,0,1,1,0
713158,713000,158000,1,0,1,1,0,0,0,0,0,0,0,0,0,0,0,0,1,0,1,1,1,0,1,0,1,1,0,0,1,0
713166,713000,166000,1,0,1,0,0,0,0,0,0,0,0,0,0,0,0,0,0,0,0,0,0,0,0,0,1,0,0,0,0,0
713182,713000,182000,1,0,0,0,0,0,0,0,0,0,0,0,0,0,0,0,0,0,0,0,0,0,0,0,0,0,0,0,0,0
713198,713000,198000,1,0,1,0,0,0,1,0,0,0,0,0,0,0,0,0,0,0,0,0,0,0,1,0,1,0,0,0,0,0
713214,713000,214000,0,0,1,1,0,0,0,0,0,1,0,0,1,1,0,0,1,0,1,1,1,0,0,0,1,1,0,0,0,0
713230,713000,230000,0,1,0,1,0,0,0,0,1,0,1,1,0,1,0,0,0,0,0,1,0,0,0,1,0,0,0,0,0,0
713246,713000,246000,0,0,0,1,0,0,1,0,0,1,1,0,1,1,0,0,0,1,1,0,1,0,0,0,0,1,1,1,1,1
713262,713000,262000,0,1,0,1,1,1,1,1,1,1,1,1,0,1,1,1,0,1,0,0,0,1,1,1,1,0,1,0,0,1
713278,713000,278000,0,1,0,1,1,0,0,1,1,1,0,0,1,1,1,0,0,0,0,1,0,1,0,1,0,0,1,1,0,1
719078,719000,78000,0,0,0,0,1,1,1,0,1,1,1,1,0,1,1,0,0,1,0,1,0,1,0,0,1,0,1,0,0,0
719086,719000,86000,0,0,0,0,1,1,1,0,0,0,1,0,0,1,1,0,0,1,0,0,0,1,0,0,0,0,1,0,0,0
719094,719000,94000,0,1,0,0,0,0,1,0,0,1,1,0,1,0,0,0,0,0,0,0,0,0,0,0,0,0,0,0,0,0
719102,719000,102000,0,0,0,0,1,1,0,0,1,1,1,0,0,1,1,0,0,1,0,1,0,1,0,0,0,0,1,0,0,0
719110,719000,110000,0,1,0,1,0,0,0,0,1,0,1,1,0,0,1,0,0,0,0,1,0,0,0,0,0,0,0,1,1,0
719118,719000,118000,0,0,0,0,0,0,0,0,1,0,1,0,1,0,0,0,1,0,1,1,1,0,0,0,0,1,0,0,0,0
719126,719000,126000,0,0,0,0,1,1,0,0,1,1,1,0,0,1,1,0,0,1,0,1,0,1,0,0,0,0,1,1,0,0
719134,719000,134000,0,0,0,0,0,0,1,0,1,1,1,0,1,0,0,0,1,0,1,1,1,0,0,0,1,1,0,1,1,0
719142,719000,142000,0,0,0,1,0,0,0,1,0,1,1,0,1,0,0,0,1,1,1,1,1,0,1,1,1,1,1,1,1,0
719150,719000,150000,1,0,0,1,0,0,0,0,0,0,0,0,1,0,0,0,1,0,1,1,1,0,0,0,0,0,0,0,0,0
719158,719000,158000,1,0,0,1,0,0,0,0,0,0,0,0,0,0,0,0,1,0,0,1,1,0,0,0,1,1,0,0,1,0
719174,719000,174000,1,0,1,1,0,0,0,0,0,0,1,0,1,0,0,0,1,0,1,1,0,0,1,0,1,0,0,0,0,0
719190,719000,190000,1,0,0,0,0,0,1,0,0,0,0,0,0,0,0,0,0,0,0,0,0,0,0,0,0,0,0,0,0,0
719206,719000,206000,1,0,0,0,0,0,0,0,0,0,0,0,0,0,0,0,0,0,0,0,0,0,0,0,0,0,0,0,0,0
719222,719000,222000,0,0,0,1,0,0,1,0,1,1,0,0,1,1,0,0,0,0,1,0,1,0,0,0,1,0,0,1,0,0
719238,719000,238000,0,0,1,0,0,0,0,0,0,0,0,0,1,0,0,0,0,0,1,1,1,0,0,1,1,1,0,1,1,1
719254,719000,254000,0,0,0,1,1,0,0,0,1,0,1,0,1,1,1,0,0,1,0,1,1,1,0,1,0,1,1,1,0,1
719270,719000,270000,0,1,0,1,1,1,0,1,1,0,0,0,1,1,1,1,0,1,0,1,1,0,0,1,1,0,1,0,0,1
725086,725000,86000,0,0,0,0,1,0,0,0,1,0,1,0,1,0,0,0,0,1,0,1,1,0,0,0,0,0,0,1,0,0
725102,725000,102000,0,0,0,1,0,0,0,0,0,0,0,0,0,0,0,0,1,0,0,1,0,0,0,0,1,0,0,1,1,0
725110,725000,110000,1,0,0,0,0,0,0,0,0,0,0,0,0,0,0,0,0,0,0,1,0,0,0,0,1,0,0,1,0,0
725118,725000,118000,0,0,0,0,0,0,0,0,1,1,1,0,1,1,0,0,0,0,0,1,1,0,0,0,0,0,0,0,0,0
725126,725000,126000,1,0,1,0,0,0,1,0,0,0,0,0,1,0,0,0,1,0,0,1,0,0,0,0,0,1,0,0,1,0
725134,725000,134000,1,0,0,0,0,0,1,0,0,0,0,0,0,0,0,0,0,0,0,0,0,0,0,0,0,0,0,0,0,0
725142,725000,142000,0,0,0,1,0,0,0,0,0,0,0,0,1,0,0,0,1,0,1,1,0,0,0,0,0,0,0,0,0,0
725150,725000,150000,1,0,0,0,0,0,0,0,0,0,0,0,0,0,0,0,0,0,0,0,0,0,0,0,0,0,0,0,0,0
725166,725000,166000,1,0,1,1,0,0,1,1,0,1,0,1,0,1,0,1,1,1,0,1,1,1,1,1,1,1,0,1,1,0
725182,725000,182000,0,0,0,1,1,0,0,1,0,0,0,1,0,0,0,0,1,0,0,1,0,0,0,1,1,0,1,0,1,0
725198,725000,198000,1,0,1,0,0,0,0,0,0,0,0,0,0,0,0,0,0,0,0,0,0,0,0,0,0,0,0,1,0,0
725214,725000,214000,1,0,1,1,0,0,0,0,0,1,0,0,1,0,0,0,1,1,1,1,1,0,1,1,0,1,1,1,1,0
725230,725000,230000,1,0,1,1,0,0,1,1,0,1,0,0,1,0,0,0,1,0,1,1,1,0,1,0,0,1,0,0,1,1
725246,725000,246000,0,0,0,0,1,0,0,0,1,1,0,1,1,1,1,1,0,1,0,1,1,0,0,1,0,0,1,1,0,1
725262,725000,262000,0,1,0,0,1,1,0,1,1,1,0,1,0,1,1,1,0,1,0,0,0,1,0,1,0,0,1,1,0,1
725278,725000,278000,0,1,0,1,0,0,0,1,1,1,1,0,0,0,1,0,0,0,0,1,0,0,0,1,0,0,1,0,0,1
731118,731000,118000,0,0,0,0,0,0,0,0,0,1,1,0,1,1,0,0,1,0,0,1,1,0,0,0,0,1,0,1,1,0
731126,731000,126000,0,0,0,0,0,0,0,0,0,0,1,0,1,0,0,0,1,0,1,1,1,0,0,0,0,0,0,1,1,0
731134,731000,134000,1,0,1,0,0,0,0,0,0,0,0,0,0,0,0,0,1,0,0,1,1,0,0,0,1,1,0,1,1,0
731158,731000,158000,1,0,0,0,0,0,0,0,0,0,0,0,0,0,0,0,0,0,0,0,0,0,0,0,1,0,0,0,0,0
731174,731000,174000,0,0,0,1,1,0,0,1,0,1,0,1,0,1,1,1,1,1,0,1,1,1,1,1,1,1,1,0,1,0
731190,731000,190000,1,0,0,0,0,0,0,0,0,0,0,0,0,0,0,0,0,0,0,0,0,0,1,0,1,0,0,0,0,0
731206,731000,206000,0,0,0,1,0,0,1,0,0,1,1,0,1,0,0,0,1,0,1,1,1,0,0,0,1,1,0,0,0,0
731222,731000,222000,1,1,1,0,1,0,1,1,0,0,0,1,1,1,0,0,1,1,1,1,1,0,1,1,0,1,1,1,0,0
731238,731000,238000,0,0,0,0,1,0,0,0,0,1,1,0,0,1,0,1,1,1,1,1,1,0,1,1,1,1,1,1,1,1
731254,731000,254000,0,1,0,0,1,0,1,0,1,1,0,1,1,1,1,1,0,0,0,0,0,0,0,1,0,0,1,1,0,0
731270,731000,270000,0,0,0,1,1,1,0,1,0,1,0,1,0,1,1,1,0,0,0,1,0,1,0,1,1,0,1,0,0,1
737134,737000,134000,0,0,0,0,0,0,1,0,1,1,1,0,0,1,0,0,0,1,0,1,1,0,0,0,0,0,0,1,0,0
737142,737000,142000,0,0,0,1,1,0,1,1,0,0,1,0,0,1,0,1,1,1,1,1,1,1,0,1,0,1,1,1,1,0
737150,737000,150000,0,0,0,0,0,0,0,0,0,0,0,0,0,0,0,0,0,0,0,0,0,0,0,0,0,0,0,0,0,0
737166,737000,166000,1,0,1,0,0,0,0,0,0,0,0,0,0,0,0,0,0,0,0,0,0,0,0,0,0,0,0,0,0,0
737182,737000,182000,0,1,0,1,1,1,0,1,1,1,1,1,1,1,1,1,1,1,0,0,1,1,0,1,1,1,1,1,0,0
737198,737000,198000,1,0,0,0,0,0,0,0,0,0,0,0,0,0,0,0,0,0,0,0,0,0,0,0,0,0,0,0,0,0
737214,737000,214000,1,0,1,0,0,0,0,0,0,0,0,0,0,0,0,0,0,0,0,1,0,0,1,0,1,0,0,0,0,0
737230,737000,230000,1,0,1,0,0,0,0,0,0,1,0,0,1,0,0,0,1,0,1,1,1,0,1,1,1,1,0,1,0,0
737246,737000,246000,0,0,0,0,1,0,0,0,1,1,0,1,0,1,1,1,0,0,1,1,1,0,0,1,0,0,1,0,0,0
737262,737000,262000,0,1,0,1,1,1,1,1,1,1,1,1,1,1,1,1,0,0,0,1,0,0,0,1,0,0,1,0,0,1
743158,743000,158000,1,0,1,1,0,0,1,0,0,0,0,0,1,0,0,0,1,0,1,1,1,0,1,0,0,0,0,0,1,0
743174,743000,174000,1,0,1,1,0,0,0,0,0,1,0,1,0,0,0,1,1,1,0,1,1,0,1,1,1,1,1,0,1,0
743190,743000,190000,1,0,1,0,0,0,0,0,0,0,0,1,1,0,0,0,1,0,1,1,1,0,1,1,1,1,0,0,0,0
743206,743000,206000,0,0,1,1,0,0,0,0,0,1,1,0,1,1,0,0,1,1,1,1,1,0,1,0,1,1,0,1,1,0
743222,743000,222000,1,0,1,1,0,0,0,0,0,1,0,0,1,1,0,0,1,0,0,1,1,0,0,0,1,0,1,1,1,0
743238,743000,238000,1,0,1,0,0,0,1,0,0,1,0,0,1,1,0,0,1,1,0,1,1,0,1,0,1,1,0,0,1,0
743254,743000,254000,0,1,0,1,1,0,1,0,1,1,0,0,0,1,1,1,0,1,0,0,0,1,0,1,0,0,1,0,0,1
743270,743000,270000,0,1,0,1,1,1,0,0,1,1,0,0,0,1,1,1,0,0,0,1,0,0,0,0,0,0,0,0,0,1
749150,749000,150000,1,0,1,0,0,0,0,0,0,0,0,0,0,0,0,0,0,0,0,0,0,0,0,0,1,0,0,0,0,0
749166,749000,166000,1,0,1,0,0,0,0,0,0,1,0,0,1,0,0,0,1,0,1,1,0,0,1,0,1,1,0,1,1,0
749182,749000,182000,0,0,0,0,0,0,0,0,0,1,0,0,1,0,0,0,1,0,0,0,1,0,0,0,0,1,0,0,0,0
749198,749000,198000,1,0,1,0,0,0,1,0,0,0,0,0,1,0,0,0,1,0,1,0,1,0,0,0,1,0,0,1,1,0
749214,749000,214000,0,1,0,1,1,1,1,0,1,0,0,0,1,0,0,1,0,1,0,0,1,1,0,0,1,0,1,1,0,0
749230,749000,230000,0,0,0,1,1,0,0,0,0,1,0,0,1,1,0,1,1,1,0,1,1,0,1,1,0,1,1,0,1,0
749246,749000,246000,0,0,0,0,1,0,0,1,1,1,1,0,0,1,1,0,1,1,0,1,1,1,1,1,1,1,1,1,0,1
749262,749000,262000,0,1,0,0,1,1,0,0,1,1,0,0,0,1,1,1,0,1,0,1,0,1,0,1,1,0,1,0,0,1
755142,755000,142000,1,0,0,0,0,0,0,0,0,0,0,0,0,0,0,0,0,0,0,0,0,0,0,0,0,0,0,0,0,0
755158,755000,158000,1,0,1,0,0,0,0,0,0,0,0,0,0,0,0,0,0,0,0,0,0,0,0,0,1,0,0,1,0,0
755174,755000,174000,0,0,0,1,0,1,1,1,0,1,1,0,1,0,0,1,0,0,1,1,1,1,0,0,1,0,0,1,0,0
755190,755000,190000,0,1,0,0,1,1,0,1,1,1,1,1,1,0,1,1,0,1,0,1,0,1,1,0,0,0,1,1,0,0
755206,755000,206000,0,0,1,1,1,0,1,0,0,1,0,0,1,1,0,1,0,0,0,1,1,0,1,0,1,0,1,1,1,0
755222,755000,222000,0,1,0,1,1,1,0,1,0,0,0,0,0,0,1,1,0,1,0,0,0,1,1,1,1,0,1,0,0,0
755238,755000,238000,1,0,1,0,0,0,0,0,0,0,0,0,0,0,0,0,1,0,0,1,1,0,1,0,1,1,0,0,0,0
755254,755000,254000,0,1,0,0,1,0,1,0,1,1,0,1,0,1,1,1,0,1,0,0,1,1,0,1,0,0,1,1,0,1
761134,761000,134000,0,0,0,1,1,0,1,1,1,1,1,0,1,1,0,1,1,1,1,1,1,1,1,0,0,0,0,1,1,0
761150,761000,150000,1,0,0,0,0,0,0,0,0,0,0,0,0,0,0,0,0,0,0,0,0,0,0,0,0,0,0,0,0,0
761166,761000,166000,0,0,1,0,0,0,0,0,0,1,0,0,1,0,0,0,1,0,1,1,1,0,0,0,0,1,0,0,1,0
761182,761000,182000,0,0,0,1,1,0,1,0,0,1,1,1,0,1,1,1,1,1,0,1,1,1,0,1,0,1,1,0,1,0
761198,761000,198000,0,0,0,1,1,1,1,1,0,1,1,0,0,1,1,1,0,1,0,0,0,1,1,0,1,0,1,0,0,0
761246,761000,246000,0,0,0,1,1,1,0,1,1,0,1,1,0,1,1,1,0,1,0,1,0,1,0,1,1,0,1,0,0,0
767134,767000,134000,0,0,0,0,0,0,1,0,0,0,1,0,1,1,0,0,1,1,1,1,1,0,0,0,0,0,0,0,0,0
767142,767000,142000,1,0,0,0,0,0,0,0,0,0,0,0,0,0,0,0,0,0,0,0,0,0,0,0,1,0,0,0,0,0
767158,767000,158000,0,0,0,1,1,0,1,0,0,1,1,1,0,1,0,1,1,1,1,1,1,1,0,1,1,1,1,0,1,0
767174,767000,174000,1,0,1,0,0,0,1,0,0,0,0,0,0,0,0,0,1,0,1,1,1,0,1,0,1,1,0,0,0,0
767190,767000,190000,0,0,1,0,0,0,0,0,0,1,0,0,1,1,0,0,1,0,1,1,1,0,1,1,0,1,1,0,1,0
767206,767000,206000,0,1,0,1,1,0,0,0,1,1,0,1,0,1,1,1,1,1,0,1,1,0,1,0,0,0,1,1,0,0
773134,773000,134000,1,0,0,0,0,0,0,0,0,0,0,0,0,0,0,0,0,0,0,0,0,0,0,0,0,0,0,1,0,0
773150,773000,150000,1,0,0,0,0,0,0,0,0,0,0,0,0,0,0,0,0,0,0,0,0,0,0,0,1,0,0,0,0,0
773166,773000,166000,1,0,1,0,0,0,0,0,0,1,0,0,0,0,0,0,0,0,1,0,0,0,1,0,1,0,0,0,0,0
773182,773000,182000,1,0,1,0,0,0,0,0,0,0,0,0,0,1,0,0,1,0,1,1,0,0,0,0,0,0,0,0,0,0
773198,773000,198000,1,0,1,1,1,0,1,0,0,1,0,0,0,1,0,0,1,1,1,1,1,0,0,0,1,1,0,1,1,0
779142,779000,142000,1,0,1,1,0,0,1,0,0,1,0,0,0,0,0,1,1,0,0,1,0,0,1,1,1,0,0,0,1,0
779158,779000,158000,1,0,1,0,0,0,1,0,0,0,0,0,0,0,0,0,0,0,1,1,0,0,1,0,1,1,0,0,0,0
779174,779000,174000,1,0,1,0,0,0,1,0,0,1,1,0,1,0,0,0,1,0,1,1,1,0,0,1,1,1,0,0,1,0
779190,779000,190000,1,0,0,0,0,0,0,0,0,0,0,0,0,0,0,0,0,0,0,0,0,0,0,0,0,0,0,1,0,0
779206,779000,206000,1,0,1,1,0,0,0,0,0,0,0,0,0,0,0,0,1,1,1,1,1,1,0,0,1,1,1,0,1,0
785150,785000,150000,1,0,1,0,0,0,0,0,0,0,0,0,0,0,0,0,1,0,1,1,0,0,0,1,0,1,0,0,0,0
785166,785000,166000,1,0,0,0,0,0,0,0,0,0,0,0,0,0,0,0,0,0,0,0,0,0,0,0,0,0,0,0,0,0
785182,785000,182000,1,0,1,1,0,0,0,0,0,0,0,0,0,0,0,0,0,0,1,1,0,0,1,0,1,0,0,0,0,0
785198,785000,198000,1,0,1,0,0,0,0,0,0,0,0,0,0,0,0,0,0,0,0,0,0,0,0,0,0,0,0,0,0,0
791142,791000,142000,1,0,0,0,0,0,0,0,0,0,0,0,0,0,0,0,0,0,0,0,0,0,0,0,0,0,0,0,0,0
791158,791000,158000,1,0,1,0,0,0,0,0,0,0,0,0,0,0,0,0,0,0,0,0,0,0,0,0,0,0,0,1,0,0
791174,791000,174000,0,0,0,0,0,0,0,0,0,0,0,0,0,0,0,0,0,0,0,0,0,0,0,0,0,0,0,0,0,0
791190,791000,190000,1,0,1,1,0,0,0,0,0,0,0,0,0,0,0,0,0,0,0,0,0,0,0,0,0,0,0,0,0,0
797134,797000,134000,1,0,1,0,0,0,0,0,0,0,0,0,0,0,0,0,1,0,0,0,0,0,1,0,0,0,0,0,0,0
797142,797000,142000,1,0,0,0,0,0,0,0,0,0,0,0,0,0,0,0,0,0,0,0,0,0,0,0,1,0,0,0,0,0
797150,797000,150000,1,0,0,0,0,0,0,0,0,0,0,0,0,0,0,0,0,0,0,0,0,0,0,0,0,0,0,0,0,0
797166,797000,166000,0,0,0,0,0,0,0,0,0,0,0,0,1,0,0,0,1,0,1,0,1,0,0,1,0,0,0,1,0,0
797182,797000,182000,1,0,1,1,0,0,0,0,0,1,0,0,0,0,0,0,1,0,1,1,0,0,0,0,1,0,0,0,0,0
803126,803000,126000,1,0,0,0,0,0,0,0,0,0,0,0,1,0,0,0,1,0,1,1,1,0,0,0,1,1,0,0,1,0
803134,803000,134000,0,0,1,0,0,0,0,0,0,0,0,0,1,0,0,0,1,0,1,1,1,0,0,0,0,1,0,0,1,0
803142,803000,142000,1,0,1,0,0,0,0,0,0,0,0,0,0,0,0,0,1,0,1,0,1,0,0,0,0,1,0,1,1,0
803174,803000,174000,0,0,0,1,0,0,1,1,0,0,0,1,1,0,0,0,1,0,1,0,1,0,0,1,1,1,0,0,0,0
803190,803000,190000,0,0,0,0,0,0,0,0,0,0,0,0,0,0,0,0,0,0,0,0,0,0,0,0,0,0,0,0,0,0
809126,809000,126000,1,0,1,0,0,0,0,0,0,0,1,0,1,1,0,0,1,0,1,1,1,0,1,1,0,1,1,0,1,0
809182,809000,182000,0,0,1,0,0,0,0,1,0,1,0,0,1,1,0,0,1,0,1,1,1,0,0,0,1,1,0,1,0,0
815174,815000,174000,0,0,0,0,0,0,0,0,0,0,0,0,0,0,0,0,0,0,0,0,0,0,0,0,0,0,0,0,0,0
815190,815000,190000,1,0,0,0,0,0,1,0,0,0,0,0,0,0,0,0,0,0,0,0,0,0,0,0,1,0,0,0,0,0
821166,821000,166000,1,0,1,0,0,0,0,0,0,0,0,0,0,0,0,0,1,0,1,1,1,0,1,0,0,1,0,0,1,0
821182,821000,182000,0,0,0,0,0,0,0,0,0,0,0,0,0,0,0,0,0,0,0,0,0,0,0,0,0,0,0,0,0,0
827190,827000,190000,0,0,1,0,0,0,1,0,0,0,0,0,1,0,0,0,1,0,1,1,1,0,0,0,0,1,0,0,0,0
833166,833000,166000,1,0,1,0,0,0,0,0,0,0,0,0,0,0,0,0,0,0,0,0,0,0,0,0,1,0,0,1,0,0
